Product ID,Reference Name,Display Name,Price USD,Plan Count,Description,Review Notes,Screenshot Required
com.lumbus.app.esim.tier_199_v2,eSIM Data Plan - $1.99,eSIM Data $1.99,1.99,72,Lumbus eSIM data plan,"This in-app purchase allows users to buy an eSIM data plan. After purchase, users receive a fully provisioned eSIM with high-speed mobile data valid for multiple days from activation, working in 150+ countries worldwide with instant delivery via the app. The exact plan details (region, data amount, validity period) are clearly displayed on the plan selection screen before purchase. All plans at the same price point use the same product ID but provision different eSIM configurations based on the user's selection.",Yes - Plan detail screen showing price and buy button
com.lumbus.app.esim.tier_299,eSIM Data Plan - $2.99,eSIM Data $2.99,2.99,79,Lumbus eSIM data plan,"This in-app purchase allows users to buy an eSIM data plan. After purchase, users receive a fully provisioned eSIM with high-speed mobile data valid for multiple days from activation, working in 150+ countries worldwide with instant delivery via the app. The exact plan details (region, data amount, validity period) are clearly displayed on the plan selection screen before purchase. All plans at the same price point use the same product ID but provision different eSIM configurations based on the user's selection.",Yes - Plan detail screen showing price and buy button
com.lumbus.app.esim.tier_399,eSIM Data Plan - $3.99,eSIM Data $3.99,3.99,69,Lumbus eSIM data plan,"This in-app purchase allows users to buy an eSIM data plan. After purchase, users receive a fully provisioned eSIM with high-speed mobile data valid for multiple days from activation, working in 150+ countries worldwide with instant delivery via the app. The exact plan details (region, data amount, validity period) are clearly displayed on the plan selection screen before purchase. All plans at the same price point use the same product ID but provision different eSIM configurations based on the user's selection.",Yes - Plan detail screen showing price and buy button
com.lumbus.app.esim.tier_499,eSIM Data Plan - $4.99,eSIM Data $4.99,4.99,110,Lumbus eSIM data plan,"This in-app purchase allows users to buy an eSIM data plan. After purchase, users receive a fully provisioned eSIM with high-speed mobile data valid for multiple days from activation, working in 150+ countries worldwide with instant delivery via the app. The exact plan details (region, data amount, validity period) are clearly displayed on the plan selection screen before purchase. All plans at the same price point use the same product ID but provision different eSIM configurations based on the user's selection.",Yes - Plan detail screen showing price and buy button
com.lumbus.app.esim.tier_599,eSIM Data Plan - $5.99,eSIM Data $5.99,5.99,90,Lumbus eSIM data plan,"This in-app purchase allows users to buy an eSIM data plan. After purchase, users receive a fully provisioned eSIM with high-speed mobile data valid for multiple days from activation, working in 150+ countries worldwide with instant delivery via the app. The exact plan details (region, data amount, validity period) are clearly displayed on the plan selection screen before purchase. All plans at the same price point use the same product ID but provision different eSIM configurations based on the user's selection.",Yes - Plan detail screen showing price and buy button
com.lumbus.app.esim.tier_699,eSIM Data Plan - $6.99,eSIM Data $6.99,6.99,99,Lumbus eSIM data plan,"This in-app purchase allows users to buy an eSIM data plan. After purchase, users receive a fully provisioned eSIM with high-speed mobile data valid for multiple days from activation, working in 150+ countries worldwide with instant delivery via the app. The exact plan details (region, data amount, validity period) are clearly displayed on the plan selection screen before purchase. All plans at the same price point use the same product ID but provision different eSIM configurations based on the user's selection.",Yes - Plan detail screen showing price and buy button
com.lumbus.app.esim.tier_799,eSIM Data Plan - $7.99,eSIM Data $7.99,7.99,58,Lumbus eSIM data plan,"This in-app purchase allows users to buy an eSIM data plan. After purchase, users receive a fully provisioned eSIM with high-speed mobile data valid for multiple days from activation, working in 150+ countries worldwide with instant delivery via the app. The exact plan details (region, data amount, validity period) are clearly displayed on the plan selection screen before purchase. All plans at the same price point use the same product ID but provision different eSIM configurations based on the user's selection.",Yes - Plan detail screen showing price and buy button
com.lumbus.app.esim.tier_899,eSIM Data Plan - $8.99,eSIM Data $8.99,8.99,106,Lumbus eSIM data plan,"This in-app purchase allows users to buy an eSIM data plan. After purchase, users receive a fully provisioned eSIM with high-speed mobile data valid for multiple days from activation, working in 150+ countries worldwide with instant delivery via the app. The exact plan details (region, data amount, validity period) are clearly displayed on the plan selection screen before purchase. All plans at the same price point use the same product ID but provision different eSIM configurations based on the user's selection.",Yes - Plan detail screen showing price and buy button
com.lumbus.app.esim.tier_999,eSIM Data Plan - $9.99,eSIM Data $9.99,9.99,65,Lumbus eSIM data plan,"This in-app purchase allows users to buy an eSIM data plan. After purchase, users receive a fully provisioned eSIM with high-speed mobile data valid for multiple days from activation, working in 150+ countries worldwide with instant delivery via the app. The exact plan details (region, data amount, validity period) are clearly displayed on the plan selection screen before purchase. All plans at the same price point use the same product ID but provision different eSIM configurations based on the user's selection.",Yes - Plan detail screen showing price and buy button
com.lumbus.app.esim.tier_1099,eSIM Data Plan - $10.99,eSIM Data $10.99,10.99,51,Lumbus eSIM data plan,"This in-app purchase allows users to buy an eSIM data plan. After purchase, users receive a fully provisioned eSIM with high-speed mobile data valid for multiple days from activation, working in 150+ countries worldwide with instant delivery via the app. The exact plan details (region, data amount, validity period) are clearly displayed on the plan selection screen before purchase. All plans at the same price point use the same product ID but provision different eSIM configurations based on the user's selection.",Yes - Plan detail screen showing price and buy button
com.lumbus.app.esim.tier_1199,eSIM Data Plan - $11.99,eSIM Data $11.99,11.99,43,Lumbus eSIM data plan,"This in-app purchase allows users to buy an eSIM data plan. After purchase, users receive a fully provisioned eSIM with high-speed mobile data valid for multiple days from activation, working in 150+ countries worldwide with instant delivery via the app. The exact plan details (region, data amount, validity period) are clearly displayed on the plan selection screen before purchase. All plans at the same price point use the same product ID but provision different eSIM configurations based on the user's selection.",Yes - Plan detail screen showing price and buy button
com.lumbus.app.esim.tier_1299,eSIM Data Plan - $12.99,eSIM Data $12.99,12.99,22,Lumbus eSIM data plan,"This in-app purchase allows users to buy an eSIM data plan. After purchase, users receive a fully provisioned eSIM with high-speed mobile data valid for multiple days from activation, working in 150+ countries worldwide with instant delivery via the app. The exact plan details (region, data amount, validity period) are clearly displayed on the plan selection screen before purchase. All plans at the same price point use the same product ID but provision different eSIM configurations based on the user's selection.",Yes - Plan detail screen showing price and buy button
com.lumbus.app.esim.tier_1399,eSIM Data Plan - $13.99,eSIM Data $13.99,13.99,75,Lumbus eSIM data plan,"This in-app purchase allows users to buy an eSIM data plan. After purchase, users receive a fully provisioned eSIM with high-speed mobile data valid for multiple days from activation, working in 150+ countries worldwide with instant delivery via the app. The exact plan details (region, data amount, validity period) are clearly displayed on the plan selection screen before purchase. All plans at the same price point use the same product ID but provision different eSIM configurations based on the user's selection.",Yes - Plan detail screen showing price and buy button
com.lumbus.app.esim.tier_1499,eSIM Data Plan - $14.99,eSIM Data $14.99,14.99,35,Lumbus eSIM data plan,"This in-app purchase allows users to buy an eSIM data plan. After purchase, users receive a fully provisioned eSIM with high-speed mobile data valid for multiple days from activation, working in 150+ countries worldwide with instant delivery via the app. The exact plan details (region, data amount, validity period) are clearly displayed on the plan selection screen before purchase. All plans at the same price point use the same product ID but provision different eSIM configurations based on the user's selection.",Yes - Plan detail screen showing price and buy button
com.lumbus.app.esim.tier_1599,eSIM Data Plan - $15.99,eSIM Data $15.99,15.99,21,Lumbus eSIM data plan,"This in-app purchase allows users to buy an eSIM data plan. After purchase, users receive a fully provisioned eSIM with high-speed mobile data valid for multiple days from activation, working in 150+ countries worldwide with instant delivery via the app. The exact plan details (region, data amount, validity period) are clearly displayed on the plan selection screen before purchase. All plans at the same price point use the same product ID but provision different eSIM configurations based on the user's selection.",Yes - Plan detail screen showing price and buy button
com.lumbus.app.esim.tier_1699,eSIM Data Plan - $16.99,eSIM Data $16.99,16.99,51,Lumbus eSIM data plan,"This in-app purchase allows users to buy an eSIM data plan. After purchase, users receive a fully provisioned eSIM with high-speed mobile data valid for multiple days from activation, working in 150+ countries worldwide with instant delivery via the app. The exact plan details (region, data amount, validity period) are clearly displayed on the plan selection screen before purchase. All plans at the same price point use the same product ID but provision different eSIM configurations based on the user's selection.",Yes - Plan detail screen showing price and buy button
com.lumbus.app.esim.tier_1799,eSIM Data Plan - $17.99,eSIM Data $17.99,17.99,21,Lumbus eSIM data plan,"This in-app purchase allows users to buy an eSIM data plan. After purchase, users receive a fully provisioned eSIM with high-speed mobile data valid for multiple days from activation, working in 150+ countries worldwide with instant delivery via the app. The exact plan details (region, data amount, validity period) are clearly displayed on the plan selection screen before purchase. All plans at the same price point use the same product ID but provision different eSIM configurations based on the user's selection.",Yes - Plan detail screen showing price and buy button
com.lumbus.app.esim.tier_1899,eSIM Data Plan - $18.99,eSIM Data $18.99,18.99,35,Lumbus eSIM data plan,"This in-app purchase allows users to buy an eSIM data plan. After purchase, users receive a fully provisioned eSIM with high-speed mobile data valid for multiple days from activation, working in 150+ countries worldwide with instant delivery via the app. The exact plan details (region, data amount, validity period) are clearly displayed on the plan selection screen before purchase. All plans at the same price point use the same product ID but provision different eSIM configurations based on the user's selection.",Yes - Plan detail screen showing price and buy button
com.lumbus.app.esim.tier_1999,eSIM Data Plan - $19.99,eSIM Data $19.99,19.99,17,Lumbus eSIM data plan,"This in-app purchase allows users to buy an eSIM data plan. After purchase, users receive a fully provisioned eSIM with high-speed mobile data valid for multiple days from activation, working in 150+ countries worldwide with instant delivery via the app. The exact plan details (region, data amount, validity period) are clearly displayed on the plan selection screen before purchase. All plans at the same price point use the same product ID but provision different eSIM configurations based on the user's selection.",Yes - Plan detail screen showing price and buy button
com.lumbus.app.esim.tier_2099,eSIM Data Plan - $20.99,eSIM Data $20.99,20.99,11,Lumbus eSIM data plan,"This in-app purchase allows users to buy an eSIM data plan. After purchase, users receive a fully provisioned eSIM with high-speed mobile data valid for multiple days from activation, working in 150+ countries worldwide with instant delivery via the app. The exact plan details (region, data amount, validity period) are clearly displayed on the plan selection screen before purchase. All plans at the same price point use the same product ID but provision different eSIM configurations based on the user's selection.",Yes - Plan detail screen showing price and buy button
com.lumbus.app.esim.tier_2199,eSIM Data Plan - $21.99,eSIM Data $21.99,21.99,60,Lumbus eSIM data plan,"This in-app purchase allows users to buy an eSIM data plan. After purchase, users receive a fully provisioned eSIM with high-speed mobile data valid for multiple days from activation, working in 150+ countries worldwide with instant delivery via the app. The exact plan details (region, data amount, validity period) are clearly displayed on the plan selection screen before purchase. All plans at the same price point use the same product ID but provision different eSIM configurations based on the user's selection.",Yes - Plan detail screen showing price and buy button
com.lumbus.app.esim.tier_2299,eSIM Data Plan - $22.99,eSIM Data $22.99,22.99,36,Lumbus eSIM data plan,"This in-app purchase allows users to buy an eSIM data plan. After purchase, users receive a fully provisioned eSIM with high-speed mobile data valid for multiple days from activation, working in 150+ countries worldwide with instant delivery via the app. The exact plan details (region, data amount, validity period) are clearly displayed on the plan selection screen before purchase. All plans at the same price point use the same product ID but provision different eSIM configurations based on the user's selection.",Yes - Plan detail screen showing price and buy button
com.lumbus.app.esim.tier_2399,eSIM Data Plan - $23.99,eSIM Data $23.99,23.99,14,Lumbus eSIM data plan,"This in-app purchase allows users to buy an eSIM data plan. After purchase, users receive a fully provisioned eSIM with high-speed mobile data valid for multiple days from activation, working in 150+ countries worldwide with instant delivery via the app. The exact plan details (region, data amount, validity period) are clearly displayed on the plan selection screen before purchase. All plans at the same price point use the same product ID but provision different eSIM configurations based on the user's selection.",Yes - Plan detail screen showing price and buy button
com.lumbus.app.esim.tier_2499,eSIM Data Plan - $24.99,eSIM Data $24.99,24.99,6,Lumbus eSIM data plan,"This in-app purchase allows users to buy an eSIM data plan. After purchase, users receive a fully provisioned eSIM with high-speed mobile data valid for multiple days from activation, working in 150+ countries worldwide with instant delivery via the app. The exact plan details (region, data amount, validity period) are clearly displayed on the plan selection screen before purchase. All plans at the same price point use the same product ID but provision different eSIM configurations based on the user's selection.",Yes - Plan detail screen showing price and buy button
com.lumbus.app.esim.tier_2599,eSIM Data Plan - $25.99,eSIM Data $25.99,25.99,5,Lumbus eSIM data plan,"This in-app purchase allows users to buy an eSIM data plan. After purchase, users receive a fully provisioned eSIM with high-speed mobile data valid for multiple days from activation, working in 150+ countries worldwide with instant delivery via the app. The exact plan details (region, data amount, validity period) are clearly displayed on the plan selection screen before purchase. All plans at the same price point use the same product ID but provision different eSIM configurations based on the user's selection.",Yes - Plan detail screen showing price and buy button
com.lumbus.app.esim.tier_2699,eSIM Data Plan - $26.99,eSIM Data $26.99,26.99,8,Lumbus eSIM data plan,"This in-app purchase allows users to buy an eSIM data plan. After purchase, users receive a fully provisioned eSIM with high-speed mobile data valid for multiple days from activation, working in 150+ countries worldwide with instant delivery via the app. The exact plan details (region, data amount, validity period) are clearly displayed on the plan selection screen before purchase. All plans at the same price point use the same product ID but provision different eSIM configurations based on the user's selection.",Yes - Plan detail screen showing price and buy button
com.lumbus.app.esim.tier_2799,eSIM Data Plan - $27.99,eSIM Data $27.99,27.99,6,Lumbus eSIM data plan,"This in-app purchase allows users to buy an eSIM data plan. After purchase, users receive a fully provisioned eSIM with high-speed mobile data valid for multiple days from activation, working in 150+ countries worldwide with instant delivery via the app. The exact plan details (region, data amount, validity period) are clearly displayed on the plan selection screen before purchase. All plans at the same price point use the same product ID but provision different eSIM configurations based on the user's selection.",Yes - Plan detail screen showing price and buy button
com.lumbus.app.esim.tier_2899,eSIM Data Plan - $28.99,eSIM Data $28.99,28.99,62,Lumbus eSIM data plan,"This in-app purchase allows users to buy an eSIM data plan. After purchase, users receive a fully provisioned eSIM with high-speed mobile data valid for multiple days from activation, working in 150+ countries worldwide with instant delivery via the app. The exact plan details (region, data amount, validity period) are clearly displayed on the plan selection screen before purchase. All plans at the same price point use the same product ID but provision different eSIM configurations based on the user's selection.",Yes - Plan detail screen showing price and buy button
com.lumbus.app.esim.tier_2999,eSIM Data Plan - $29.99,eSIM Data $29.99,29.99,6,Lumbus eSIM data plan,"This in-app purchase allows users to buy an eSIM data plan. After purchase, users receive a fully provisioned eSIM with high-speed mobile data valid for multiple days from activation, working in 150+ countries worldwide with instant delivery via the app. The exact plan details (region, data amount, validity period) are clearly displayed on the plan selection screen before purchase. All plans at the same price point use the same product ID but provision different eSIM configurations based on the user's selection.",Yes - Plan detail screen showing price and buy button
com.lumbus.app.esim.tier_3099,eSIM Data Plan - $30.99,eSIM Data $30.99,30.99,4,Lumbus eSIM data plan,"This in-app purchase allows users to buy an eSIM data plan. After purchase, users receive a fully provisioned eSIM with high-speed mobile data valid for multiple days from activation, working in 150+ countries worldwide with instant delivery via the app. The exact plan details (region, data amount, validity period) are clearly displayed on the plan selection screen before purchase. All plans at the same price point use the same product ID but provision different eSIM configurations based on the user's selection.",Yes - Plan detail screen showing price and buy button
com.lumbus.app.esim.tier_3199,eSIM Data Plan - $31.99,eSIM Data $31.99,31.99,19,Lumbus eSIM data plan,"This in-app purchase allows users to buy an eSIM data plan. After purchase, users receive a fully provisioned eSIM with high-speed mobile data valid for multiple days from activation, working in 150+ countries worldwide with instant delivery via the app. The exact plan details (region, data amount, validity period) are clearly displayed on the plan selection screen before purchase. All plans at the same price point use the same product ID but provision different eSIM configurations based on the user's selection.",Yes - Plan detail screen showing price and buy button
com.lumbus.app.esim.tier_3299,eSIM Data Plan - $32.99,eSIM Data $32.99,32.99,13,Lumbus eSIM data plan,"This in-app purchase allows users to buy an eSIM data plan. After purchase, users receive a fully provisioned eSIM with high-speed mobile data valid for multiple days from activation, working in 150+ countries worldwide with instant delivery via the app. The exact plan details (region, data amount, validity period) are clearly displayed on the plan selection screen before purchase. All plans at the same price point use the same product ID but provision different eSIM configurations based on the user's selection.",Yes - Plan detail screen showing price and buy button
com.lumbus.app.esim.tier_3399,eSIM Data Plan - $33.99,eSIM Data $33.99,33.99,44,Lumbus eSIM data plan,"This in-app purchase allows users to buy an eSIM data plan. After purchase, users receive a fully provisioned eSIM with high-speed mobile data valid for multiple days from activation, working in 150+ countries worldwide with instant delivery via the app. The exact plan details (region, data amount, validity period) are clearly displayed on the plan selection screen before purchase. All plans at the same price point use the same product ID but provision different eSIM configurations based on the user's selection.",Yes - Plan detail screen showing price and buy button
com.lumbus.app.esim.tier_3499,eSIM Data Plan - $34.99,eSIM Data $34.99,34.99,22,Lumbus eSIM data plan,"This in-app purchase allows users to buy an eSIM data plan. After purchase, users receive a fully provisioned eSIM with high-speed mobile data valid for multiple days from activation, working in 150+ countries worldwide with instant delivery via the app. The exact plan details (region, data amount, validity period) are clearly displayed on the plan selection screen before purchase. All plans at the same price point use the same product ID but provision different eSIM configurations based on the user's selection.",Yes - Plan detail screen showing price and buy button
com.lumbus.app.esim.tier_3599,eSIM Data Plan - $35.99,eSIM Data $35.99,35.99,20,Lumbus eSIM data plan,"This in-app purchase allows users to buy an eSIM data plan. After purchase, users receive a fully provisioned eSIM with high-speed mobile data valid for multiple days from activation, working in 150+ countries worldwide with instant delivery via the app. The exact plan details (region, data amount, validity period) are clearly displayed on the plan selection screen before purchase. All plans at the same price point use the same product ID but provision different eSIM configurations based on the user's selection.",Yes - Plan detail screen showing price and buy button
com.lumbus.app.esim.tier_3699,eSIM Data Plan - $36.99,eSIM Data $36.99,36.99,5,Lumbus eSIM data plan,"This in-app purchase allows users to buy an eSIM data plan. After purchase, users receive a fully provisioned eSIM with high-speed mobile data valid for multiple days from activation, working in 150+ countries worldwide with instant delivery via the app. The exact plan details (region, data amount, validity period) are clearly displayed on the plan selection screen before purchase. All plans at the same price point use the same product ID but provision different eSIM configurations based on the user's selection.",Yes - Plan detail screen showing price and buy button
com.lumbus.app.esim.tier_3799,eSIM Data Plan - $37.99,eSIM Data $37.99,37.99,3,Lumbus eSIM data plan,"This in-app purchase allows users to buy an eSIM data plan. After purchase, users receive a fully provisioned eSIM with high-speed mobile data valid for multiple days from activation, working in 150+ countries worldwide with instant delivery via the app. The exact plan details (region, data amount, validity period) are clearly displayed on the plan selection screen before purchase. All plans at the same price point use the same product ID but provision different eSIM configurations based on the user's selection.",Yes - Plan detail screen showing price and buy button
com.lumbus.app.esim.tier_3899,eSIM Data Plan - $38.99,eSIM Data $38.99,38.99,9,Lumbus eSIM data plan,"This in-app purchase allows users to buy an eSIM data plan. After purchase, users receive a fully provisioned eSIM with high-speed mobile data valid for multiple days from activation, working in 150+ countries worldwide with instant delivery via the app. The exact plan details (region, data amount, validity period) are clearly displayed on the plan selection screen before purchase. All plans at the same price point use the same product ID but provision different eSIM configurations based on the user's selection.",Yes - Plan detail screen showing price and buy button
com.lumbus.app.esim.tier_3999,eSIM Data Plan - $39.99,eSIM Data $39.99,39.99,9,Lumbus eSIM data plan,"This in-app purchase allows users to buy an eSIM data plan. After purchase, users receive a fully provisioned eSIM with high-speed mobile data valid for multiple days from activation, working in 150+ countries worldwide with instant delivery via the app. The exact plan details (region, data amount, validity period) are clearly displayed on the plan selection screen before purchase. All plans at the same price point use the same product ID but provision different eSIM configurations based on the user's selection.",Yes - Plan detail screen showing price and buy button
com.lumbus.app.esim.tier_4099,eSIM Data Plan - $40.99,eSIM Data $40.99,40.99,2,Lumbus eSIM data plan,"This in-app purchase allows users to buy an eSIM data plan. After purchase, users receive a fully provisioned eSIM with high-speed mobile data valid for multiple days from activation, working in 150+ countries worldwide with instant delivery via the app. The exact plan details (region, data amount, validity period) are clearly displayed on the plan selection screen before purchase. All plans at the same price point use the same product ID but provision different eSIM configurations based on the user's selection.",Yes - Plan detail screen showing price and buy button
com.lumbus.app.esim.tier_4199,eSIM Data Plan - $41.99,eSIM Data $41.99,41.99,2,Lumbus eSIM data plan,"This in-app purchase allows users to buy an eSIM data plan. After purchase, users receive a fully provisioned eSIM with high-speed mobile data valid for multiple days from activation, working in 150+ countries worldwide with instant delivery via the app. The exact plan details (region, data amount, validity period) are clearly displayed on the plan selection screen before purchase. All plans at the same price point use the same product ID but provision different eSIM configurations based on the user's selection.",Yes - Plan detail screen showing price and buy button
com.lumbus.app.esim.tier_4299,eSIM Data Plan - $42.99,eSIM Data $42.99,42.99,17,Lumbus eSIM data plan,"This in-app purchase allows users to buy an eSIM data plan. After purchase, users receive a fully provisioned eSIM with high-speed mobile data valid for multiple days from activation, working in 150+ countries worldwide with instant delivery via the app. The exact plan details (region, data amount, validity period) are clearly displayed on the plan selection screen before purchase. All plans at the same price point use the same product ID but provision different eSIM configurations based on the user's selection.",Yes - Plan detail screen showing price and buy button
com.lumbus.app.esim.tier_4399,eSIM Data Plan - $43.99,eSIM Data $43.99,43.99,2,Lumbus eSIM data plan,"This in-app purchase allows users to buy an eSIM data plan. After purchase, users receive a fully provisioned eSIM with high-speed mobile data valid for multiple days from activation, working in 150+ countries worldwide with instant delivery via the app. The exact plan details (region, data amount, validity period) are clearly displayed on the plan selection screen before purchase. All plans at the same price point use the same product ID but provision different eSIM configurations based on the user's selection.",Yes - Plan detail screen showing price and buy button
com.lumbus.app.esim.tier_4499,eSIM Data Plan - $44.99,eSIM Data $44.99,44.99,3,Lumbus eSIM data plan,"This in-app purchase allows users to buy an eSIM data plan. After purchase, users receive a fully provisioned eSIM with high-speed mobile data valid for multiple days from activation, working in 150+ countries worldwide with instant delivery via the app. The exact plan details (region, data amount, validity period) are clearly displayed on the plan selection screen before purchase. All plans at the same price point use the same product ID but provision different eSIM configurations based on the user's selection.",Yes - Plan detail screen showing price and buy button
com.lumbus.app.esim.tier_4599,eSIM Data Plan - $45.99,eSIM Data $45.99,45.99,2,Lumbus eSIM data plan,"This in-app purchase allows users to buy an eSIM data plan. After purchase, users receive a fully provisioned eSIM with high-speed mobile data valid for multiple days from activation, working in 150+ countries worldwide with instant delivery via the app. The exact plan details (region, data amount, validity period) are clearly displayed on the plan selection screen before purchase. All plans at the same price point use the same product ID but provision different eSIM configurations based on the user's selection.",Yes - Plan detail screen showing price and buy button
com.lumbus.app.esim.tier_4699,eSIM Data Plan - $46.99,eSIM Data $46.99,46.99,4,Lumbus eSIM data plan,"This in-app purchase allows users to buy an eSIM data plan. After purchase, users receive a fully provisioned eSIM with high-speed mobile data valid for multiple days from activation, working in 150+ countries worldwide with instant delivery via the app. The exact plan details (region, data amount, validity period) are clearly displayed on the plan selection screen before purchase. All plans at the same price point use the same product ID but provision different eSIM configurations based on the user's selection.",Yes - Plan detail screen showing price and buy button
com.lumbus.app.esim.tier_4799,eSIM Data Plan - $47.99,eSIM Data $47.99,47.99,1,Lumbus eSIM data plan,"This in-app purchase allows users to buy an eSIM data plan. After purchase, users receive a fully provisioned eSIM with high-speed mobile data valid for multiple days from activation, working in 150+ countries worldwide with instant delivery via the app. The exact plan details (region, data amount, validity period) are clearly displayed on the plan selection screen before purchase. All plans at the same price point use the same product ID but provision different eSIM configurations based on the user's selection.",Yes - Plan detail screen showing price and buy button
com.lumbus.app.esim.tier_4899,eSIM Data Plan - $48.99,eSIM Data $48.99,48.99,2,Lumbus eSIM data plan,"This in-app purchase allows users to buy an eSIM data plan. After purchase, users receive a fully provisioned eSIM with high-speed mobile data valid for multiple days from activation, working in 150+ countries worldwide with instant delivery via the app. The exact plan details (region, data amount, validity period) are clearly displayed on the plan selection screen before purchase. All plans at the same price point use the same product ID but provision different eSIM configurations based on the user's selection.",Yes - Plan detail screen showing price and buy button
com.lumbus.app.esim.tier_5099,eSIM Data Plan - $50.99,eSIM Data $50.99,50.99,15,Lumbus eSIM data plan,"This in-app purchase allows users to buy an eSIM data plan. After purchase, users receive a fully provisioned eSIM with high-speed mobile data valid for multiple days from activation, working in 150+ countries worldwide with instant delivery via the app. The exact plan details (region, data amount, validity period) are clearly displayed on the plan selection screen before purchase. All plans at the same price point use the same product ID but provision different eSIM configurations based on the user's selection.",Yes - Plan detail screen showing price and buy button
com.lumbus.app.esim.tier_5199,eSIM Data Plan - $51.99,eSIM Data $51.99,51.99,20,Lumbus eSIM data plan,"This in-app purchase allows users to buy an eSIM data plan. After purchase, users receive a fully provisioned eSIM with high-speed mobile data valid for multiple days from activation, working in 150+ countries worldwide with instant delivery via the app. The exact plan details (region, data amount, validity period) are clearly displayed on the plan selection screen before purchase. All plans at the same price point use the same product ID but provision different eSIM configurations based on the user's selection.",Yes - Plan detail screen showing price and buy button
com.lumbus.app.esim.tier_5299,eSIM Data Plan - $52.99,eSIM Data $52.99,52.99,12,Lumbus eSIM data plan,"This in-app purchase allows users to buy an eSIM data plan. After purchase, users receive a fully provisioned eSIM with high-speed mobile data valid for multiple days from activation, working in 150+ countries worldwide with instant delivery via the app. The exact plan details (region, data amount, validity period) are clearly displayed on the plan selection screen before purchase. All plans at the same price point use the same product ID but provision different eSIM configurations based on the user's selection.",Yes - Plan detail screen showing price and buy button
com.lumbus.app.esim.tier_5399,eSIM Data Plan - $53.99,eSIM Data $53.99,53.99,1,Lumbus eSIM data plan,"This in-app purchase allows users to buy an eSIM data plan. After purchase, users receive a fully provisioned eSIM with high-speed mobile data valid for multiple days from activation, working in 150+ countries worldwide with instant delivery via the app. The exact plan details (region, data amount, validity period) are clearly displayed on the plan selection screen before purchase. All plans at the same price point use the same product ID but provision different eSIM configurations based on the user's selection.",Yes - Plan detail screen showing price and buy button
com.lumbus.app.esim.tier_5499,eSIM Data Plan - $54.99,eSIM Data $54.99,54.99,11,Lumbus eSIM data plan,"This in-app purchase allows users to buy an eSIM data plan. After purchase, users receive a fully provisioned eSIM with high-speed mobile data valid for multiple days from activation, working in 150+ countries worldwide with instant delivery via the app. The exact plan details (region, data amount, validity period) are clearly displayed on the plan selection screen before purchase. All plans at the same price point use the same product ID but provision different eSIM configurations based on the user's selection.",Yes - Plan detail screen showing price and buy button
com.lumbus.app.esim.tier_5599,eSIM Data Plan - $55.99,eSIM Data $55.99,55.99,14,Lumbus eSIM data plan,"This in-app purchase allows users to buy an eSIM data plan. After purchase, users receive a fully provisioned eSIM with high-speed mobile data valid for multiple days from activation, working in 150+ countries worldwide with instant delivery via the app. The exact plan details (region, data amount, validity period) are clearly displayed on the plan selection screen before purchase. All plans at the same price point use the same product ID but provision different eSIM configurations based on the user's selection.",Yes - Plan detail screen showing price and buy button
com.lumbus.app.esim.tier_5799,eSIM Data Plan - $57.99,eSIM Data $57.99,57.99,4,Lumbus eSIM data plan,"This in-app purchase allows users to buy an eSIM data plan. After purchase, users receive a fully provisioned eSIM with high-speed mobile data valid for multiple days from activation, working in 150+ countries worldwide with instant delivery via the app. The exact plan details (region, data amount, validity period) are clearly displayed on the plan selection screen before purchase. All plans at the same price point use the same product ID but provision different eSIM configurations based on the user's selection.",Yes - Plan detail screen showing price and buy button
com.lumbus.app.esim.tier_5899,eSIM Data Plan - $58.99,eSIM Data $58.99,58.99,13,Lumbus eSIM data plan,"This in-app purchase allows users to buy an eSIM data plan. After purchase, users receive a fully provisioned eSIM with high-speed mobile data valid for multiple days from activation, working in 150+ countries worldwide with instant delivery via the app. The exact plan details (region, data amount, validity period) are clearly displayed on the plan selection screen before purchase. All plans at the same price point use the same product ID but provision different eSIM configurations based on the user's selection.",Yes - Plan detail screen showing price and buy button
com.lumbus.app.esim.tier_5999,eSIM Data Plan - $59.99,eSIM Data $59.99,59.99,3,Lumbus eSIM data plan,"This in-app purchase allows users to buy an eSIM data plan. After purchase, users receive a fully provisioned eSIM with high-speed mobile data valid for multiple days from activation, working in 150+ countries worldwide with instant delivery via the app. The exact plan details (region, data amount, validity period) are clearly displayed on the plan selection screen before purchase. All plans at the same price point use the same product ID but provision different eSIM configurations based on the user's selection.",Yes - Plan detail screen showing price and buy button
com.lumbus.app.esim.tier_6099,eSIM Data Plan - $60.99,eSIM Data $60.99,60.99,3,Lumbus eSIM data plan,"This in-app purchase allows users to buy an eSIM data plan. After purchase, users receive a fully provisioned eSIM with high-speed mobile data valid for multiple days from activation, working in 150+ countries worldwide with instant delivery via the app. The exact plan details (region, data amount, validity period) are clearly displayed on the plan selection screen before purchase. All plans at the same price point use the same product ID but provision different eSIM configurations based on the user's selection.",Yes - Plan detail screen showing price and buy button
com.lumbus.app.esim.tier_6199,eSIM Data Plan - $61.99,eSIM Data $61.99,61.99,1,Lumbus eSIM data plan,"This in-app purchase allows users to buy an eSIM data plan. After purchase, users receive a fully provisioned eSIM with high-speed mobile data valid for multiple days from activation, working in 150+ countries worldwide with instant delivery via the app. The exact plan details (region, data amount, validity period) are clearly displayed on the plan selection screen before purchase. All plans at the same price point use the same product ID but provision different eSIM configurations based on the user's selection.",Yes - Plan detail screen showing price and buy button
com.lumbus.app.esim.tier_6399,eSIM Data Plan - $63.99,eSIM Data $63.99,63.99,1,Lumbus eSIM data plan,"This in-app purchase allows users to buy an eSIM data plan. After purchase, users receive a fully provisioned eSIM with high-speed mobile data valid for multiple days from activation, working in 150+ countries worldwide with instant delivery via the app. The exact plan details (region, data amount, validity period) are clearly displayed on the plan selection screen before purchase. All plans at the same price point use the same product ID but provision different eSIM configurations based on the user's selection.",Yes - Plan detail screen showing price and buy button
com.lumbus.app.esim.tier_6499,eSIM Data Plan - $64.99,eSIM Data $64.99,64.99,9,Lumbus eSIM data plan,"This in-app purchase allows users to buy an eSIM data plan. After purchase, users receive a fully provisioned eSIM with high-speed mobile data valid for multiple days from activation, working in 150+ countries worldwide with instant delivery via the app. The exact plan details (region, data amount, validity period) are clearly displayed on the plan selection screen before purchase. All plans at the same price point use the same product ID but provision different eSIM configurations based on the user's selection.",Yes - Plan detail screen showing price and buy button
com.lumbus.app.esim.tier_6599,eSIM Data Plan - $65.99,eSIM Data $65.99,65.99,1,Lumbus eSIM data plan,"This in-app purchase allows users to buy an eSIM data plan. After purchase, users receive a fully provisioned eSIM with high-speed mobile data valid for multiple days from activation, working in 150+ countries worldwide with instant delivery via the app. The exact plan details (region, data amount, validity period) are clearly displayed on the plan selection screen before purchase. All plans at the same price point use the same product ID but provision different eSIM configurations based on the user's selection.",Yes - Plan detail screen showing price and buy button
com.lumbus.app.esim.tier_6699,eSIM Data Plan - $66.99,eSIM Data $66.99,66.99,5,Lumbus eSIM data plan,"This in-app purchase allows users to buy an eSIM data plan. After purchase, users receive a fully provisioned eSIM with high-speed mobile data valid for multiple days from activation, working in 150+ countries worldwide with instant delivery via the app. The exact plan details (region, data amount, validity period) are clearly displayed on the plan selection screen before purchase. All plans at the same price point use the same product ID but provision different eSIM configurations based on the user's selection.",Yes - Plan detail screen showing price and buy button
com.lumbus.app.esim.tier_6799,eSIM Data Plan - $67.99,eSIM Data $67.99,67.99,3,Lumbus eSIM data plan,"This in-app purchase allows users to buy an eSIM data plan. After purchase, users receive a fully provisioned eSIM with high-speed mobile data valid for multiple days from activation, working in 150+ countries worldwide with instant delivery via the app. The exact plan details (region, data amount, validity period) are clearly displayed on the plan selection screen before purchase. All plans at the same price point use the same product ID but provision different eSIM configurations based on the user's selection.",Yes - Plan detail screen showing price and buy button
com.lumbus.app.esim.tier_6899,eSIM Data Plan - $68.99,eSIM Data $68.99,68.99,4,Lumbus eSIM data plan,"This in-app purchase allows users to buy an eSIM data plan. After purchase, users receive a fully provisioned eSIM with high-speed mobile data valid for multiple days from activation, working in 150+ countries worldwide with instant delivery via the app. The exact plan details (region, data amount, validity period) are clearly displayed on the plan selection screen before purchase. All plans at the same price point use the same product ID but provision different eSIM configurations based on the user's selection.",Yes - Plan detail screen showing price and buy button
com.lumbus.app.esim.tier_6999,eSIM Data Plan - $69.99,eSIM Data $69.99,69.99,1,Lumbus eSIM data plan,"This in-app purchase allows users to buy an eSIM data plan. After purchase, users receive a fully provisioned eSIM with high-speed mobile data valid for multiple days from activation, working in 150+ countries worldwide with instant delivery via the app. The exact plan details (region, data amount, validity period) are clearly displayed on the plan selection screen before purchase. All plans at the same price point use the same product ID but provision different eSIM configurations based on the user's selection.",Yes - Plan detail screen showing price and buy button
com.lumbus.app.esim.tier_7099,eSIM Data Plan - $70.99,eSIM Data $70.99,70.99,15,Lumbus eSIM data plan,"This in-app purchase allows users to buy an eSIM data plan. After purchase, users receive a fully provisioned eSIM with high-speed mobile data valid for multiple days from activation, working in 150+ countries worldwide with instant delivery via the app. The exact plan details (region, data amount, validity period) are clearly displayed on the plan selection screen before purchase. All plans at the same price point use the same product ID but provision different eSIM configurations based on the user's selection.",Yes - Plan detail screen showing price and buy button
com.lumbus.app.esim.tier_7199,eSIM Data Plan - $71.99,eSIM Data $71.99,71.99,2,Lumbus eSIM data plan,"This in-app purchase allows users to buy an eSIM data plan. After purchase, users receive a fully provisioned eSIM with high-speed mobile data valid for multiple days from activation, working in 150+ countries worldwide with instant delivery via the app. The exact plan details (region, data amount, validity period) are clearly displayed on the plan selection screen before purchase. All plans at the same price point use the same product ID but provision different eSIM configurations based on the user's selection.",Yes - Plan detail screen showing price and buy button
com.lumbus.app.esim.tier_7399,eSIM Data Plan - $73.99,eSIM Data $73.99,73.99,2,Lumbus eSIM data plan,"This in-app purchase allows users to buy an eSIM data plan. After purchase, users receive a fully provisioned eSIM with high-speed mobile data valid for multiple days from activation, working in 150+ countries worldwide with instant delivery via the app. The exact plan details (region, data amount, validity period) are clearly displayed on the plan selection screen before purchase. All plans at the same price point use the same product ID but provision different eSIM configurations based on the user's selection.",Yes - Plan detail screen showing price and buy button
com.lumbus.app.esim.tier_7499,eSIM Data Plan - $74.99,eSIM Data $74.99,74.99,3,Lumbus eSIM data plan,"This in-app purchase allows users to buy an eSIM data plan. After purchase, users receive a fully provisioned eSIM with high-speed mobile data valid for multiple days from activation, working in 150+ countries worldwide with instant delivery via the app. The exact plan details (region, data amount, validity period) are clearly displayed on the plan selection screen before purchase. All plans at the same price point use the same product ID but provision different eSIM configurations based on the user's selection.",Yes - Plan detail screen showing price and buy button
com.lumbus.app.esim.tier_7599,eSIM Data Plan - $75.99,eSIM Data $75.99,75.99,11,Lumbus eSIM data plan,"This in-app purchase allows users to buy an eSIM data plan. After purchase, users receive a fully provisioned eSIM with high-speed mobile data valid for multiple days from activation, working in 150+ countries worldwide with instant delivery via the app. The exact plan details (region, data amount, validity period) are clearly displayed on the plan selection screen before purchase. All plans at the same price point use the same product ID but provision different eSIM configurations based on the user's selection.",Yes - Plan detail screen showing price and buy button
com.lumbus.app.esim.tier_7799,eSIM Data Plan - $77.99,eSIM Data $77.99,77.99,2,Lumbus eSIM data plan,"This in-app purchase allows users to buy an eSIM data plan. After purchase, users receive a fully provisioned eSIM with high-speed mobile data valid for multiple days from activation, working in 150+ countries worldwide with instant delivery via the app. The exact plan details (region, data amount, validity period) are clearly displayed on the plan selection screen before purchase. All plans at the same price point use the same product ID but provision different eSIM configurations based on the user's selection.",Yes - Plan detail screen showing price and buy button
com.lumbus.app.esim.tier_7999,eSIM Data Plan - $79.99,eSIM Data $79.99,79.99,1,Lumbus eSIM data plan,"This in-app purchase allows users to buy an eSIM data plan. After purchase, users receive a fully provisioned eSIM with high-speed mobile data valid for multiple days from activation, working in 150+ countries worldwide with instant delivery via the app. The exact plan details (region, data amount, validity period) are clearly displayed on the plan selection screen before purchase. All plans at the same price point use the same product ID but provision different eSIM configurations based on the user's selection.",Yes - Plan detail screen showing price and buy button
com.lumbus.app.esim.tier_8099,eSIM Data Plan - $80.99,eSIM Data $80.99,80.99,9,Lumbus eSIM data plan,"This in-app purchase allows users to buy an eSIM data plan. After purchase, users receive a fully provisioned eSIM with high-speed mobile data valid for multiple days from activation, working in 150+ countries worldwide with instant delivery via the app. The exact plan details (region, data amount, validity period) are clearly displayed on the plan selection screen before purchase. All plans at the same price point use the same product ID but provision different eSIM configurations based on the user's selection.",Yes - Plan detail screen showing price and buy button
com.lumbus.app.esim.tier_8199,eSIM Data Plan - $81.99,eSIM Data $81.99,81.99,1,Lumbus eSIM data plan,"This in-app purchase allows users to buy an eSIM data plan. After purchase, users receive a fully provisioned eSIM with high-speed mobile data valid for multiple days from activation, working in 150+ countries worldwide with instant delivery via the app. The exact plan details (region, data amount, validity period) are clearly displayed on the plan selection screen before purchase. All plans at the same price point use the same product ID but provision different eSIM configurations based on the user's selection.",Yes - Plan detail screen showing price and buy button
com.lumbus.app.esim.tier_8299,eSIM Data Plan - $82.99,eSIM Data $82.99,82.99,1,Lumbus eSIM data plan,"This in-app purchase allows users to buy an eSIM data plan. After purchase, users receive a fully provisioned eSIM with high-speed mobile data valid for multiple days from activation, working in 150+ countries worldwide with instant delivery via the app. The exact plan details (region, data amount, validity period) are clearly displayed on the plan selection screen before purchase. All plans at the same price point use the same product ID but provision different eSIM configurations based on the user's selection.",Yes - Plan detail screen showing price and buy button
com.lumbus.app.esim.tier_8399,eSIM Data Plan - $83.99,eSIM Data $83.99,83.99,1,Lumbus eSIM data plan,"This in-app purchase allows users to buy an eSIM data plan. After purchase, users receive a fully provisioned eSIM with high-speed mobile data valid for multiple days from activation, working in 150+ countries worldwide with instant delivery via the app. The exact plan details (region, data amount, validity period) are clearly displayed on the plan selection screen before purchase. All plans at the same price point use the same product ID but provision different eSIM configurations based on the user's selection.",Yes - Plan detail screen showing price and buy button
com.lumbus.app.esim.tier_8499,eSIM Data Plan - $84.99,eSIM Data $84.99,84.99,1,Lumbus eSIM data plan,"This in-app purchase allows users to buy an eSIM data plan. After purchase, users receive a fully provisioned eSIM with high-speed mobile data valid for multiple days from activation, working in 150+ countries worldwide with instant delivery via the app. The exact plan details (region, data amount, validity period) are clearly displayed on the plan selection screen before purchase. All plans at the same price point use the same product ID but provision different eSIM configurations based on the user's selection.",Yes - Plan detail screen showing price and buy button
com.lumbus.app.esim.tier_8599,eSIM Data Plan - $85.99,eSIM Data $85.99,85.99,1,Lumbus eSIM data plan,"This in-app purchase allows users to buy an eSIM data plan. After purchase, users receive a fully provisioned eSIM with high-speed mobile data valid for multiple days from activation, working in 150+ countries worldwide with instant delivery via the app. The exact plan details (region, data amount, validity period) are clearly displayed on the plan selection screen before purchase. All plans at the same price point use the same product ID but provision different eSIM configurations based on the user's selection.",Yes - Plan detail screen showing price and buy button
com.lumbus.app.esim.tier_8799,eSIM Data Plan - $87.99,eSIM Data $87.99,87.99,2,Lumbus eSIM data plan,"This in-app purchase allows users to buy an eSIM data plan. After purchase, users receive a fully provisioned eSIM with high-speed mobile data valid for multiple days from activation, working in 150+ countries worldwide with instant delivery via the app. The exact plan details (region, data amount, validity period) are clearly displayed on the plan selection screen before purchase. All plans at the same price point use the same product ID but provision different eSIM configurations based on the user's selection.",Yes - Plan detail screen showing price and buy button
com.lumbus.app.esim.tier_8999,eSIM Data Plan - $89.99,eSIM Data $89.99,89.99,2,Lumbus eSIM data plan,"This in-app purchase allows users to buy an eSIM data plan. After purchase, users receive a fully provisioned eSIM with high-speed mobile data valid for multiple days from activation, working in 150+ countries worldwide with instant delivery via the app. The exact plan details (region, data amount, validity period) are clearly displayed on the plan selection screen before purchase. All plans at the same price point use the same product ID but provision different eSIM configurations based on the user's selection.",Yes - Plan detail screen showing price and buy button
com.lumbus.app.esim.tier_9099,eSIM Data Plan - $90.99,eSIM Data $90.99,90.99,3,Lumbus eSIM data plan,"This in-app purchase allows users to buy an eSIM data plan. After purchase, users receive a fully provisioned eSIM with high-speed mobile data valid for multiple days from activation, working in 150+ countries worldwide with instant delivery via the app. The exact plan details (region, data amount, validity period) are clearly displayed on the plan selection screen before purchase. All plans at the same price point use the same product ID but provision different eSIM configurations based on the user's selection.",Yes - Plan detail screen showing price and buy button
com.lumbus.app.esim.tier_9199,eSIM Data Plan - $91.99,eSIM Data $91.99,91.99,1,Lumbus eSIM data plan,"This in-app purchase allows users to buy an eSIM data plan. After purchase, users receive a fully provisioned eSIM with high-speed mobile data valid for multiple days from activation, working in 150+ countries worldwide with instant delivery via the app. The exact plan details (region, data amount, validity period) are clearly displayed on the plan selection screen before purchase. All plans at the same price point use the same product ID but provision different eSIM configurations based on the user's selection.",Yes - Plan detail screen showing price and buy button
com.lumbus.app.esim.tier_9299,eSIM Data Plan - $92.99,eSIM Data $92.99,92.99,4,Lumbus eSIM data plan,"This in-app purchase allows users to buy an eSIM data plan. After purchase, users receive a fully provisioned eSIM with high-speed mobile data valid for multiple days from activation, working in 150+ countries worldwide with instant delivery via the app. The exact plan details (region, data amount, validity period) are clearly displayed on the plan selection screen before purchase. All plans at the same price point use the same product ID but provision different eSIM configurations based on the user's selection.",Yes - Plan detail screen showing price and buy button
com.lumbus.app.esim.tier_9399,eSIM Data Plan - $93.99,eSIM Data $93.99,93.99,1,Lumbus eSIM data plan,"This in-app purchase allows users to buy an eSIM data plan. After purchase, users receive a fully provisioned eSIM with high-speed mobile data valid for multiple days from activation, working in 150+ countries worldwide with instant delivery via the app. The exact plan details (region, data amount, validity period) are clearly displayed on the plan selection screen before purchase. All plans at the same price point use the same product ID but provision different eSIM configurations based on the user's selection.",Yes - Plan detail screen showing price and buy button
com.lumbus.app.esim.tier_9999,eSIM Data Plan - $99.99,eSIM Data $99.99,99.99,10,Lumbus eSIM data plan,"This in-app purchase allows users to buy an eSIM data plan. After purchase, users receive a fully provisioned eSIM with high-speed mobile data valid for multiple days from activation, working in 150+ countries worldwide with instant delivery via the app. The exact plan details (region, data amount, validity period) are clearly displayed on the plan selection screen before purchase. All plans at the same price point use the same product ID but provision different eSIM configurations based on the user's selection.",Yes - Plan detail screen showing price and buy button
com.lumbus.app.esim.tier_10099,eSIM Data Plan - $100.99,eSIM Data $100.99,100.99,2,Lumbus eSIM data plan,"This in-app purchase allows users to buy an eSIM data plan. After purchase, users receive a fully provisioned eSIM with high-speed mobile data valid for multiple days from activation, working in 150+ countries worldwide with instant delivery via the app. The exact plan details (region, data amount, validity period) are clearly displayed on the plan selection screen before purchase. All plans at the same price point use the same product ID but provision different eSIM configurations based on the user's selection.",Yes - Plan detail screen showing price and buy button
com.lumbus.app.esim.tier_10199,eSIM Data Plan - $101.99,eSIM Data $101.99,101.99,1,Lumbus eSIM data plan,"This in-app purchase allows users to buy an eSIM data plan. After purchase, users receive a fully provisioned eSIM with high-speed mobile data valid for multiple days from activation, working in 150+ countries worldwide with instant delivery via the app. The exact plan details (region, data amount, validity period) are clearly displayed on the plan selection screen before purchase. All plans at the same price point use the same product ID but provision different eSIM configurations based on the user's selection.",Yes - Plan detail screen showing price and buy button
com.lumbus.app.esim.tier_10299,eSIM Data Plan - $102.99,eSIM Data $102.99,102.99,1,Lumbus eSIM data plan,"This in-app purchase allows users to buy an eSIM data plan. After purchase, users receive a fully provisioned eSIM with high-speed mobile data valid for multiple days from activation, working in 150+ countries worldwide with instant delivery via the app. The exact plan details (region, data amount, validity period) are clearly displayed on the plan selection screen before purchase. All plans at the same price point use the same product ID but provision different eSIM configurations based on the user's selection.",Yes - Plan detail screen showing price and buy button
com.lumbus.app.esim.tier_10699,eSIM Data Plan - $106.99,eSIM Data $106.99,106.99,1,Lumbus eSIM data plan,"This in-app purchase allows users to buy an eSIM data plan. After purchase, users receive a fully provisioned eSIM with high-speed mobile data valid for multiple days from activation, working in 150+ countries worldwide with instant delivery via the app. The exact plan details (region, data amount, validity period) are clearly displayed on the plan selection screen before purchase. All plans at the same price point use the same product ID but provision different eSIM configurations based on the user's selection.",Yes - Plan detail screen showing price and buy button
com.lumbus.app.esim.tier_10899,eSIM Data Plan - $108.99,eSIM Data $108.99,108.99,1,Lumbus eSIM data plan,"This in-app purchase allows users to buy an eSIM data plan. After purchase, users receive a fully provisioned eSIM with high-speed mobile data valid for multiple days from activation, working in 150+ countries worldwide with instant delivery via the app. The exact plan details (region, data amount, validity period) are clearly displayed on the plan selection screen before purchase. All plans at the same price point use the same product ID but provision different eSIM configurations based on the user's selection.",Yes - Plan detail screen showing price and buy button
com.lumbus.app.esim.tier_11099,eSIM Data Plan - $110.99,eSIM Data $110.99,110.99,1,Lumbus eSIM data plan,"This in-app purchase allows users to buy an eSIM data plan. After purchase, users receive a fully provisioned eSIM with high-speed mobile data valid for multiple days from activation, working in 150+ countries worldwide with instant delivery via the app. The exact plan details (region, data amount, validity period) are clearly displayed on the plan selection screen before purchase. All plans at the same price point use the same product ID but provision different eSIM configurations based on the user's selection.",Yes - Plan detail screen showing price and buy button
com.lumbus.app.esim.tier_11299,eSIM Data Plan - $112.99,eSIM Data $112.99,112.99,4,Lumbus eSIM data plan,"This in-app purchase allows users to buy an eSIM data plan. After purchase, users receive a fully provisioned eSIM with high-speed mobile data valid for multiple days from activation, working in 150+ countries worldwide with instant delivery via the app. The exact plan details (region, data amount, validity period) are clearly displayed on the plan selection screen before purchase. All plans at the same price point use the same product ID but provision different eSIM configurations based on the user's selection.",Yes - Plan detail screen showing price and buy button
com.lumbus.app.esim.tier_12099,eSIM Data Plan - $120.99,eSIM Data $120.99,120.99,6,Lumbus eSIM data plan,"This in-app purchase allows users to buy an eSIM data plan. After purchase, users receive a fully provisioned eSIM with high-speed mobile data valid for multiple days from activation, working in 150+ countries worldwide with instant delivery via the app. The exact plan details (region, data amount, validity period) are clearly displayed on the plan selection screen before purchase. All plans at the same price point use the same product ID but provision different eSIM configurations based on the user's selection.",Yes - Plan detail screen showing price and buy button
com.lumbus.app.esim.tier_12199,eSIM Data Plan - $121.99,eSIM Data $121.99,121.99,4,Lumbus eSIM data plan,"This in-app purchase allows users to buy an eSIM data plan. After purchase, users receive a fully provisioned eSIM with high-speed mobile data valid for multiple days from activation, working in 150+ countries worldwide with instant delivery via the app. The exact plan details (region, data amount, validity period) are clearly displayed on the plan selection screen before purchase. All plans at the same price point use the same product ID but provision different eSIM configurations based on the user's selection.",Yes - Plan detail screen showing price and buy button
com.lumbus.app.esim.tier_12699,eSIM Data Plan - $126.99,eSIM Data $126.99,126.99,3,Lumbus eSIM data plan,"This in-app purchase allows users to buy an eSIM data plan. After purchase, users receive a fully provisioned eSIM with high-speed mobile data valid for multiple days from activation, working in 150+ countries worldwide with instant delivery via the app. The exact plan details (region, data amount, validity period) are clearly displayed on the plan selection screen before purchase. All plans at the same price point use the same product ID but provision different eSIM configurations based on the user's selection.",Yes - Plan detail screen showing price and buy button
com.lumbus.app.esim.tier_13399,eSIM Data Plan - $133.99,eSIM Data $133.99,133.99,1,Lumbus eSIM data plan,"This in-app purchase allows users to buy an eSIM data plan. After purchase, users receive a fully provisioned eSIM with high-speed mobile data valid for multiple days from activation, working in 150+ countries worldwide with instant delivery via the app. The exact plan details (region, data amount, validity period) are clearly displayed on the plan selection screen before purchase. All plans at the same price point use the same product ID but provision different eSIM configurations based on the user's selection.",Yes - Plan detail screen showing price and buy button
com.lumbus.app.esim.tier_13499,eSIM Data Plan - $134.99,eSIM Data $134.99,134.99,2,Lumbus eSIM data plan,"This in-app purchase allows users to buy an eSIM data plan. After purchase, users receive a fully provisioned eSIM with high-speed mobile data valid for multiple days from activation, working in 150+ countries worldwide with instant delivery via the app. The exact plan details (region, data amount, validity period) are clearly displayed on the plan selection screen before purchase. All plans at the same price point use the same product ID but provision different eSIM configurations based on the user's selection.",Yes - Plan detail screen showing price and buy button
com.lumbus.app.esim.tier_13699,eSIM Data Plan - $136.99,eSIM Data $136.99,136.99,1,Lumbus eSIM data plan,"This in-app purchase allows users to buy an eSIM data plan. After purchase, users receive a fully provisioned eSIM with high-speed mobile data valid for multiple days from activation, working in 150+ countries worldwide with instant delivery via the app. The exact plan details (region, data amount, validity period) are clearly displayed on the plan selection screen before purchase. All plans at the same price point use the same product ID but provision different eSIM configurations based on the user's selection.",Yes - Plan detail screen showing price and buy button
com.lumbus.app.esim.tier_13799,eSIM Data Plan - $137.99,eSIM Data $137.99,137.99,1,Lumbus eSIM data plan,"This in-app purchase allows users to buy an eSIM data plan. After purchase, users receive a fully provisioned eSIM with high-speed mobile data valid for multiple days from activation, working in 150+ countries worldwide with instant delivery via the app. The exact plan details (region, data amount, validity period) are clearly displayed on the plan selection screen before purchase. All plans at the same price point use the same product ID but provision different eSIM configurations based on the user's selection.",Yes - Plan detail screen showing price and buy button
com.lumbus.app.esim.tier_14099,eSIM Data Plan - $140.99,eSIM Data $140.99,140.99,1,Lumbus eSIM data plan,"This in-app purchase allows users to buy an eSIM data plan. After purchase, users receive a fully provisioned eSIM with high-speed mobile data valid for multiple days from activation, working in 150+ countries worldwide with instant delivery via the app. The exact plan details (region, data amount, validity period) are clearly displayed on the plan selection screen before purchase. All plans at the same price point use the same product ID but provision different eSIM configurations based on the user's selection.",Yes - Plan detail screen showing price and buy button
com.lumbus.app.esim.tier_14599,eSIM Data Plan - $145.99,eSIM Data $145.99,145.99,1,Lumbus eSIM data plan,"This in-app purchase allows users to buy an eSIM data plan. After purchase, users receive a fully provisioned eSIM with high-speed mobile data valid for multiple days from activation, working in 150+ countries worldwide with instant delivery via the app. The exact plan details (region, data amount, validity period) are clearly displayed on the plan selection screen before purchase. All plans at the same price point use the same product ID but provision different eSIM configurations based on the user's selection.",Yes - Plan detail screen showing price and buy button
com.lumbus.app.esim.tier_14799,eSIM Data Plan - $147.99,eSIM Data $147.99,147.99,1,Lumbus eSIM data plan,"This in-app purchase allows users to buy an eSIM data plan. After purchase, users receive a fully provisioned eSIM with high-speed mobile data valid for multiple days from activation, working in 150+ countries worldwide with instant delivery via the app. The exact plan details (region, data amount, validity period) are clearly displayed on the plan selection screen before purchase. All plans at the same price point use the same product ID but provision different eSIM configurations based on the user's selection.",Yes - Plan detail screen showing price and buy button
com.lumbus.app.esim.tier_15099,eSIM Data Plan - $150.99,eSIM Data $150.99,150.99,1,Lumbus eSIM data plan,"This in-app purchase allows users to buy an eSIM data plan. After purchase, users receive a fully provisioned eSIM with high-speed mobile data valid for multiple days from activation, working in 150+ countries worldwide with instant delivery via the app. The exact plan details (region, data amount, validity period) are clearly displayed on the plan selection screen before purchase. All plans at the same price point use the same product ID but provision different eSIM configurations based on the user's selection.",Yes - Plan detail screen showing price and buy button
com.lumbus.app.esim.tier_16199,eSIM Data Plan - $161.99,eSIM Data $161.99,161.99,2,Lumbus eSIM data plan,"This in-app purchase allows users to buy an eSIM data plan. After purchase, users receive a fully provisioned eSIM with high-speed mobile data valid for multiple days from activation, working in 150+ countries worldwide with instant delivery via the app. The exact plan details (region, data amount, validity period) are clearly displayed on the plan selection screen before purchase. All plans at the same price point use the same product ID but provision different eSIM configurations based on the user's selection.",Yes - Plan detail screen showing price and buy button
com.lumbus.app.esim.tier_16899,eSIM Data Plan - $168.99,eSIM Data $168.99,168.99,1,Lumbus eSIM data plan,"This in-app purchase allows users to buy an eSIM data plan. After purchase, users receive a fully provisioned eSIM with high-speed mobile data valid for multiple days from activation, working in 150+ countries worldwide with instant delivery via the app. The exact plan details (region, data amount, validity period) are clearly displayed on the plan selection screen before purchase. All plans at the same price point use the same product ID but provision different eSIM configurations based on the user's selection.",Yes - Plan detail screen showing price and buy button
com.lumbus.app.esim.tier_17099,eSIM Data Plan - $170.99,eSIM Data $170.99,170.99,1,Lumbus eSIM data plan,"This in-app purchase allows users to buy an eSIM data plan. After purchase, users receive a fully provisioned eSIM with high-speed mobile data valid for multiple days from activation, working in 150+ countries worldwide with instant delivery via the app. The exact plan details (region, data amount, validity period) are clearly displayed on the plan selection screen before purchase. All plans at the same price point use the same product ID but provision different eSIM configurations based on the user's selection.",Yes - Plan detail screen showing price and buy button
com.lumbus.app.esim.tier_17899,eSIM Data Plan - $178.99,eSIM Data $178.99,178.99,2,Lumbus eSIM data plan,"This in-app purchase allows users to buy an eSIM data plan. After purchase, users receive a fully provisioned eSIM with high-speed mobile data valid for multiple days from activation, working in 150+ countries worldwide with instant delivery via the app. The exact plan details (region, data amount, validity period) are clearly displayed on the plan selection screen before purchase. All plans at the same price point use the same product ID but provision different eSIM configurations based on the user's selection.",Yes - Plan detail screen showing price and buy button
com.lumbus.app.esim.tier_17999,eSIM Data Plan - $179.99,eSIM Data $179.99,179.99,2,Lumbus eSIM data plan,"This in-app purchase allows users to buy an eSIM data plan. After purchase, users receive a fully provisioned eSIM with high-speed mobile data valid for multiple days from activation, working in 150+ countries worldwide with instant delivery via the app. The exact plan details (region, data amount, validity period) are clearly displayed on the plan selection screen before purchase. All plans at the same price point use the same product ID but provision different eSIM configurations based on the user's selection.",Yes - Plan detail screen showing price and buy button
com.lumbus.app.esim.tier_18299,eSIM Data Plan - $182.99,eSIM Data $182.99,182.99,9,Lumbus eSIM data plan,"This in-app purchase allows users to buy an eSIM data plan. After purchase, users receive a fully provisioned eSIM with high-speed mobile data valid for multiple days from activation, working in 150+ countries worldwide with instant delivery via the app. The exact plan details (region, data amount, validity period) are clearly displayed on the plan selection screen before purchase. All plans at the same price point use the same product ID but provision different eSIM configurations based on the user's selection.",Yes - Plan detail screen showing price and buy button
com.lumbus.app.esim.tier_18899,eSIM Data Plan - $188.99,eSIM Data $188.99,188.99,1,Lumbus eSIM data plan,"This in-app purchase allows users to buy an eSIM data plan. After purchase, users receive a fully provisioned eSIM with high-speed mobile data valid for multiple days from activation, working in 150+ countries worldwide with instant delivery via the app. The exact plan details (region, data amount, validity period) are clearly displayed on the plan selection screen before purchase. All plans at the same price point use the same product ID but provision different eSIM configurations based on the user's selection.",Yes - Plan detail screen showing price and buy button
com.lumbus.app.esim.tier_19699,eSIM Data Plan - $196.99,eSIM Data $196.99,196.99,1,Lumbus eSIM data plan,"This in-app purchase allows users to buy an eSIM data plan. After purchase, users receive a fully provisioned eSIM with high-speed mobile data valid for multiple days from activation, working in 150+ countries worldwide with instant delivery via the app. The exact plan details (region, data amount, validity period) are clearly displayed on the plan selection screen before purchase. All plans at the same price point use the same product ID but provision different eSIM configurations based on the user's selection.",Yes - Plan detail screen showing price and buy button
com.lumbus.app.esim.tier_19899,eSIM Data Plan - $198.99,eSIM Data $198.99,198.99,1,Lumbus eSIM data plan,"This in-app purchase allows users to buy an eSIM data plan. After purchase, users receive a fully provisioned eSIM with high-speed mobile data valid for multiple days from activation, working in 150+ countries worldwide with instant delivery via the app. The exact plan details (region, data amount, validity period) are clearly displayed on the plan selection screen before purchase. All plans at the same price point use the same product ID but provision different eSIM configurations based on the user's selection.",Yes - Plan detail screen showing price and buy button
com.lumbus.app.esim.tier_20599,eSIM Data Plan - $205.99,eSIM Data $205.99,205.99,1,Lumbus eSIM data plan,"This in-app purchase allows users to buy an eSIM data plan. After purchase, users receive a fully provisioned eSIM with high-speed mobile data valid for multiple days from activation, working in 150+ countries worldwide with instant delivery via the app. The exact plan details (region, data amount, validity period) are clearly displayed on the plan selection screen before purchase. All plans at the same price point use the same product ID but provision different eSIM configurations based on the user's selection.",Yes - Plan detail screen showing price and buy button
com.lumbus.app.esim.tier_21099,eSIM Data Plan - $210.99,eSIM Data $210.99,210.99,1,Lumbus eSIM data plan,"This in-app purchase allows users to buy an eSIM data plan. After purchase, users receive a fully provisioned eSIM with high-speed mobile data valid for multiple days from activation, working in 150+ countries worldwide with instant delivery via the app. The exact plan details (region, data amount, validity period) are clearly displayed on the plan selection screen before purchase. All plans at the same price point use the same product ID but provision different eSIM configurations based on the user's selection.",Yes - Plan detail screen showing price and buy button
com.lumbus.app.esim.tier_21299,eSIM Data Plan - $212.99,eSIM Data $212.99,212.99,1,Lumbus eSIM data plan,"This in-app purchase allows users to buy an eSIM data plan. After purchase, users receive a fully provisioned eSIM with high-speed mobile data valid for multiple days from activation, working in 150+ countries worldwide with instant delivery via the app. The exact plan details (region, data amount, validity period) are clearly displayed on the plan selection screen before purchase. All plans at the same price point use the same product ID but provision different eSIM configurations based on the user's selection.",Yes - Plan detail screen showing price and buy button
com.lumbus.app.esim.tier_21999,eSIM Data Plan - $219.99,eSIM Data $219.99,219.99,1,Lumbus eSIM data plan,"This in-app purchase allows users to buy an eSIM data plan. After purchase, users receive a fully provisioned eSIM with high-speed mobile data valid for multiple days from activation, working in 150+ countries worldwide with instant delivery via the app. The exact plan details (region, data amount, validity period) are clearly displayed on the plan selection screen before purchase. All plans at the same price point use the same product ID but provision different eSIM configurations based on the user's selection.",Yes - Plan detail screen showing price and buy button
com.lumbus.app.esim.tier_22299,eSIM Data Plan - $222.99,eSIM Data $222.99,222.99,4,Lumbus eSIM data plan,"This in-app purchase allows users to buy an eSIM data plan. After purchase, users receive a fully provisioned eSIM with high-speed mobile data valid for multiple days from activation, working in 150+ countries worldwide with instant delivery via the app. The exact plan details (region, data amount, validity period) are clearly displayed on the plan selection screen before purchase. All plans at the same price point use the same product ID but provision different eSIM configurations based on the user's selection.",Yes - Plan detail screen showing price and buy button
com.lumbus.app.esim.tier_25899,eSIM Data Plan - $258.99,eSIM Data $258.99,258.99,1,Lumbus eSIM data plan,"This in-app purchase allows users to buy an eSIM data plan. After purchase, users receive a fully provisioned eSIM with high-speed mobile data valid for multiple days from activation, working in 150+ countries worldwide with instant delivery via the app. The exact plan details (region, data amount, validity period) are clearly displayed on the plan selection screen before purchase. All plans at the same price point use the same product ID but provision different eSIM configurations based on the user's selection.",Yes - Plan detail screen showing price and buy button
com.lumbus.app.esim.tier_27199,eSIM Data Plan - $271.99,eSIM Data $271.99,271.99,1,Lumbus eSIM data plan,"This in-app purchase allows users to buy an eSIM data plan. After purchase, users receive a fully provisioned eSIM with high-speed mobile data valid for multiple days from activation, working in 150+ countries worldwide with instant delivery via the app. The exact plan details (region, data amount, validity period) are clearly displayed on the plan selection screen before purchase. All plans at the same price point use the same product ID but provision different eSIM configurations based on the user's selection.",Yes - Plan detail screen showing price and buy button
com.lumbus.app.esim.tier_32399,eSIM Data Plan - $323.99,eSIM Data $323.99,323.99,1,Lumbus eSIM data plan,"This in-app purchase allows users to buy an eSIM data plan. After purchase, users receive a fully provisioned eSIM with high-speed mobile data valid for multiple days from activation, working in 150+ countries worldwide with instant delivery via the app. The exact plan details (region, data amount, validity period) are clearly displayed on the plan selection screen before purchase. All plans at the same price point use the same product ID but provision different eSIM configurations based on the user's selection.",Yes - Plan detail screen showing price and buy button
com.lumbus.app.esim.tier_37799,eSIM Data Plan - $377.99,eSIM Data $377.99,377.99,1,Lumbus eSIM data plan,"This in-app purchase allows users to buy an eSIM data plan. After purchase, users receive a fully provisioned eSIM with high-speed mobile data valid for multiple days from activation, working in 150+ countries worldwide with instant delivery via the app. The exact plan details (region, data amount, validity period) are clearly displayed on the plan selection screen before purchase. All plans at the same price point use the same product ID but provision different eSIM configurations based on the user's selection.",Yes - Plan detail screen showing price and buy button
